edad,anos_empresa,salario,satisfaccion,horas_trabajadas,promociones,departamento,abandono
50,5,51579,3,52,0,RR.HH.,0
36,9,48565,2,53,1,Tecnología,1
29,7,51752,4,46,0,RR.HH.,1
42,0,79711,3,43,2,Operaciones,1
40,3,22000,2,40,0,Operaciones,1
44,0,82601,4,37,1,Tecnología,1
32,1,29368,3,38,0,Ventas,0
32,21,50200,4,32,1,Tecnología,0
45,0,47273,3,44,0,Finanzas,0
57,3,65593,4,30,0,RR.HH.,0
45,4,26233,4,46,0,Finanzas,0
24,6,63319,4,44,2,Ventas,0
43,4,91437,2,46,1,Finanzas,0
23,0,30462,4,40,2,Ventas,0
45,1,58414,4,72,2,Operaciones,0
51,3,43084,4,57,1,Tecnología,0
59,0,62665,3,33,0,Finanzas,0
23,2,55344,5,47,0,Ventas,0
42,0,43453,4,39,3,Tecnología,0
54,0,63781,2,35,0,Finanzas,0
33,2,87478,3,32,2,Ventas,1
43,0,51563,5,48,1,Operaciones,0
46,4,67955,1,38,1,Finanzas,1
48,5,31721,5,53,0,RR.HH.,1
49,8,37784,4,53,2,Tecnología,0
37,1,63503,4,57,0,RR.HH.,0
36,0,81714,2,37,1,Finanzas,1
24,0,61401,2,49,0,RR.HH.,0
58,5,49364,5,50,1,Finanzas,1
28,6,54987,3,40,1,Tecnología,0
42,0,32492,4,38,1,Ventas,0
30,13,65881,3,59,0,Ventas,1
39,0,70881,2,47,0,Ventas,1
25,3,46862,1,50,2,Tecnología,1
46,6,46539,3,37,3,Operaciones,0
35,10,59785,5,34,1,Operaciones,0
30,6,47139,3,39,0,Ventas,1
47,8,53809,3,43,2,Marketing,0
23,2,92794,3,35,0,RR.HH.,0
41,8,50553,3,44,2,Marketing,1
49,0,48549,3,30,1,Finanzas,0
28,11,43344,5,34,0,Finanzas,0
29,3,68395,3,51,1,Ventas,0
56,8,51737,3,50,0,Ventas,0
35,3,43311,2,41,1,Ventas,1
38,5,78783,5,35,0,Finanzas,1
57,3,80552,2,35,2,Tecnología,1
25,6,44192,1,41,1,Operaciones,1
23,0,22000,4,50,0,Tecnología,1
27,0,73135,3,53,2,Operaciones,0
25,1,42676,3,40,0,Ventas,1
50,0,69231,3,34,1,Ventas,1
39,10,22000,4,47,0,Tecnología,0
47,1,71066,2,37,0,Tecnología,1
55,18,33198,4,40,1,Tecnología,0
31,2,68153,4,56,0,Operaciones,1
57,1,55256,3,52,2,Ventas,1
35,7,37829,3,46,0,Tecnología,0
52,5,47673,2,33,1,Operaciones,0
36,3,67353,4,46,0,Ventas,0
29,4,56906,3,54,1,Marketing,0
35,6,65519,3,41,0,Marketing,0
44,1,90575,3,57,0,Ventas,1
42,28,26843,5,56,0,Tecnología,0
37,18,84109,3,59,0,Tecnología,0
39,5,56878,5,47,1,Operaciones,0
45,1,38821,3,50,0,Finanzas,0
47,5,31054,1,57,0,Finanzas,1
46,0,51595,2,49,2,Operaciones,0
50,0,71589,3,40,1,Ventas,1
36,1,52704,2,40,0,Operaciones,1
22,3,82200,1,47,0,Finanzas,1
46,10,28878,5,33,0,RR.HH.,0
28,6,54782,4,43,0,Operaciones,0
30,6,32456,4,54,1,Finanzas,1
45,2,61545,2,30,1,Ventas,1
22,2,70963,2,58,0,Tecnología,0
29,2,47426,1,55,0,RR.HH.,1
45,21,22000,4,40,1,Ventas,0
32,0,58581,5,49,1,Marketing,1
38,10,62861,3,45,0,Ventas,0
29,4,62277,2,56,0,Finanzas,1
56,2,77244,3,53,0,RR.HH.,0
56,6,35721,3,32,0,Ventas,0
54,3,67243,3,50,0,Marketing,1
26,10,76465,4,43,1,Operaciones,0
49,11,22985,4,45,1,RR.HH.,0
28,2,60753,2,38,1,Ventas,1
30,1,45924,1,60,0,Ventas,0
29,4,53532,5,54,0,Tecnología,0
33,12,61258,2,38,2,Tecnología,0
55,1,46229,1,32,0,RR.HH.,1
54,4,42837,2,41,1,Marketing,1
44,4,55614,1,48,1,RR.HH.,1
45,6,35429,3,47,0,Operaciones,0
58,0,35455,4,56,1,Finanzas,0
56,6,67228,3,52,0,RR.HH.,1
43,11,34321,3,53,1,Operaciones,0
48,0,66993,4,47,1,RR.HH.,0
56,1,63326,3,32,1,Operaciones,1
22,17,23935,5,43,2,Tecnología,0
56,0,42803,5,54,2,Ventas,0
58,9,76493,1,44,0,Operaciones,0
35,3,37339,4,49,0,RR.HH.,1
24,1,46640,3,42,1,Operaciones,0
22,10,63317,5,35,2,Marketing,1
26,2,69101,3,43,2,Ventas,1
47,3,50472,5,47,1,RR.HH.,0
35,2,44244,4,39,1,Tecnología,0
48,4,80602,2,42,3,Finanzas,1
30,0,86300,3,36,0,Operaciones,1
36,2,72619,5,55,1,Tecnología,0
36,17,56535,5,42,1,RR.HH.,0
47,1,40451,1,58,1,Finanzas,1
34,5,40052,4,58,1,Ventas,0
53,1,64405,3,44,0,Operaciones,1
53,7,62531,1,35,0,Finanzas,1
25,0,80228,3,30,0,Marketing,0
51,17,66708,2,31,1,Tecnología,1
58,3,27944,4,32,1,Ventas,0
44,1,73935,3,57,0,RR.HH.,1
36,0,37034,4,46,0,Ventas,0
50,0,48088,1,48,0,Marketing,1
57,3,59503,3,30,0,Ventas,0
34,2,90922,2,34,2,Operaciones,1
53,8,110978,2,52,2,RR.HH.,1
28,2,65921,1,47,0,Tecnología,1
43,1,51702,2,43,0,Ventas,1
49,4,64621,3,50,2,Finanzas,0
23,6,70977,3,59,0,RR.HH.,1
27,0,49227,3,43,0,Tecnología,1
49,0,87313,3,45,2,Marketing,0
49,0,59141,5,46,1,Tecnología,0
41,6,63959,5,66,2,Tecnología,1
51,5,66986,3,30,1,RR.HH.,0
32,3,62588,3,51,0,Ventas,1
49,9,70100,2,43,0,Marketing,0
46,8,43889,5,50,0,Tecnología,0
54,4,44950,1,39,0,Ventas,1
22,10,35197,3,44,0,Tecnología,0
48,1,62911,3,51,1,Finanzas,0
34,0,69020,3,73,0,RR.HH.,1
24,1,63239,2,52,0,Finanzas,1
27,0,85140,4,37,1,Ventas,0
29,3,54899,2,41,0,Tecnología,1
48,13,67037,4,40,3,Operaciones,0
30,0,35349,2,30,0,Ventas,1
58,0,48032,1,42,1,Operaciones,1
54,3,67519,5,51,0,Ventas,0
45,13,70283,2,33,0,Operaciones,0
36,1,49708,4,54,1,Tecnología,0
53,3,53711,3,49,2,Finanzas,0
53,0,27678,1,38,2,Ventas,1
45,0,48573,5,43,0,Ventas,0
33,21,71026,2,59,1,Ventas,1
23,16,65353,5,51,2,Ventas,0
24,0,64011,2,45,2,Tecnología,1
58,15,55895,5,42,0,RR.HH.,0
38,5,55127,1,45,2,RR.HH.,1
23,10,43114,3,40,1,Operaciones,0
23,3,67578,4,30,1,Finanzas,0
49,3,62577,5,63,1,Finanzas,0
44,3,63856,5,46,2,Tecnología,1
58,5,45531,4,48,0,RR.HH.,1
53,0,22000,5,44,0,Tecnología,0
54,0,74748,2,38,1,Operaciones,0
22,1,46380,3,43,0,Ventas,0
40,6,39470,3,30,1,Ventas,0
23,1,67482,3,65,0,Finanzas,0
47,5,47943,3,33,1,Ventas,1
53,17,74078,3,35,1,Operaciones,0
27,0,66106,2,41,2,Operaciones,1
53,5,67304,4,56,0,Ventas,1
25,2,30412,2,45,0,Ventas,1
32,10,76814,3,33,0,RR.HH.,0
38,0,59702,3,56,1,Finanzas,0
59,5,48353,4,51,0,Tecnología,0
45,9,57580,4,49,0,Finanzas,0
26,14,23027,4,51,0,Finanzas,0
55,5,62355,2,66,1,Tecnología,1
27,3,36471,3,64,1,Ventas,1
43,4,30651,1,38,2,Operaciones,1
32,10,27597,3,59,2,Ventas,0
37,4,75028,3,48,1,Operaciones,0
54,0,43673,1,49,1,Tecnología,1
30,13,82607,2,30,3,RR.HH.,0
27,5,45355,5,43,1,Operaciones,0
37,5,24267,5,37,2,Operaciones,0
50,1,34902,3,52,2,Tecnología,1
24,5,77244,1,54,1,Ventas,0
41,2,52193,2,30,0,Operaciones,1
57,5,45130,3,44,0,Tecnología,1
40,0,57880,5,55,1,Ventas,0
47,5,64032,2,43,0,Marketing,1
24,35,75113,4,51,1,Ventas,0
40,0,81072,2,48,1,Ventas,1
41,18,48524,5,48,0,Ventas,0
53,2,31131,3,42,1,Finanzas,0
28,10,47557,4,34,1,Finanzas,0
54,7,59685,3,34,1,Tecnología,0
39,4,37652,4,51,0,Tecnología,1
22,6,37771,2,45,0,Tecnología,1
32,10,61188,2,43,0,Finanzas,1
49,2,54124,5,41,0,Ventas,0
46,1,55590,5,42,0,Marketing,0
44,5,41347,5,54,1,Ventas,0
52,8,50852,4,41,0,Marketing,0
51,7,38363,4,32,0,Ventas,0
56,7,71023,1,51,1,Operaciones,0
28,2,73634,3,43,2,Ventas,1
37,8,22000,3,45,1,Ventas,0
47,0,38268,4,59,1,Operaciones,1
23,3,28062,3,44,0,Operaciones,1
22,0,43299,2,47,0,Tecnología,1
33,1,53498,3,34,1,Finanzas,0
26,2,28906,4,43,0,RR.HH.,0
58,2,38406,3,50,1,Operaciones,1
53,5,36928,2,31,1,Tecnología,1
30,2,58730,2,46,2,RR.HH.,0
56,2,56248,2,45,1,RR.HH.,0
40,1,42008,3,45,1,Tecnología,0
37,2,58182,4,54,1,Operaciones,1
24,1,45159,4,48,1,Ventas,1
41,0,50110,4,58,2,Ventas,1
45,4,85122,3,36,2,RR.HH.,1
54,5,79128,4,46,0,Finanzas,0
45,4,31607,2,45,1,Ventas,1
32,3,69935,3,35,0,Tecnología,0
29,2,69605,4,53,0,Marketing,0
57,9,34331,2,65,0,Ventas,1
59,3,69737,2,44,0,Finanzas,1
41,3,82682,5,49,0,Operaciones,0
56,0,34794,3,45,2,Tecnología,1
46,2,38484,4,38,1,Marketing,1
56,2,73317,1,30,1,Finanzas,1
46,2,59886,4,38,0,Tecnología,1
50,4,64926,3,32,4,RR.HH.,1
39,3,61130,1,60,1,Finanzas,1
39,4,62032,4,43,0,Finanzas,0
23,7,31123,2,41,1,Operaciones,1
56,8,73851,3,53,1,Tecnología,1
37,6,76052,1,34,0,Tecnología,1
57,15,50870,2,38,3,Ventas,1
54,0,54217,3,45,0,Ventas,1
25,1,27440,1,54,0,Ventas,1
54,0,64256,5,49,0,Operaciones,0
35,5,65297,1,47,0,Finanzas,0
42,11,53880,3,45,1,Finanzas,0
41,1,75238,2,48,1,Finanzas,1
29,13,48986,3,46,2,Operaciones,0
28,0,65162,5,35,0,RR.HH.,1
24,13,36646,2,45,2,Operaciones,1
38,2,54576,5,35,0,Tecnología,0
54,0,51861,2,45,0,Marketing,1
33,3,59055,4,40,2,Finanzas,0
43,1,48348,3,67,1,Tecnología,0
43,1,52633,5,44,0,RR.HH.,0
51,1,69868,3,32,0,RR.HH.,0
59,8,47138,3,43,0,Ventas,1
59,3,26081,2,49,1,Finanzas,1
29,1,86492,2,60,0,Tecnología,1
48,4,79866,5,39,2,Ventas,0
48,6,31739,3,30,1,Marketing,0
55,1,67414,3,52,1,Finanzas,0
42,2,45946,4,32,1,Operaciones,0
51,0,59742,3,41,0,Finanzas,1
54,0,60296,5,42,1,Tecnología,0
49,5,50780,4,44,2,RR.HH.,0
54,1,40892,3,51,2,Finanzas,0
26,3,42570,5,38,1,Marketing,0
40,6,38508,1,42,0,Tecnología,1
25,0,40027,2,44,0,Operaciones,0
56,4,53790,3,46,0,Marketing,1
38,1,42116,2,45,1,Finanzas,1
49,16,67276,4,48,1,Marketing,0
51,3,81770,5,52,0,Tecnología,0
50,8,44559,3,48,1,Marketing,0
27,3,59309,3,49,2,Finanzas,1
56,0,63994,5,30,0,Ventas,0
58,5,63496,3,45,3,Marketing,0
45,15,56367,3,49,2,RR.HH.,0
50,4,68368,3,51,0,Tecnología,1
52,8,63680,5,38,0,RR.HH.,0
56,10,32722,3,39,0,Ventas,1
54,1,70644,4,39,0,Tecnología,1
42,1,70971,4,49,0,Operaciones,0
53,4,41260,3,54,0,Ventas,1
44,2,55682,3,41,1,Tecnología,1
54,9,67299,4,53,1,Ventas,0
24,11,51232,3,46,0,Tecnología,1
39,2,74313,4,43,0,Finanzas,0
46,1,97549,5,43,0,Operaciones,1
52,7,40852,4,51,2,Marketing,0
24,1,30141,4,47,1,Finanzas,0
45,8,60468,4,65,2,Tecnología,0
53,2,67988,4,37,2,Marketing,0
43,5,50844,3,49,0,Operaciones,1
44,0,81158,1,40,2,RR.HH.,1
23,4,30905,3,37,1,Finanzas,0
48,3,67472,4,44,1,Marketing,0
23,4,44094,3,46,0,Finanzas,1
47,0,85948,4,71,2,Tecnología,1
38,6,90865,3,43,1,Finanzas,1
54,9,41200,4,34,1,Ventas,0
30,1,45107,2,47,2,Tecnología,0
50,0,70472,4,30,2,Tecnología,0
47,0,48031,3,44,0,Ventas,0
56,5,54182,2,45,2,Ventas,1
46,4,55456,3,52,0,Ventas,1
45,3,22000,4,53,0,Finanzas,1
34,1,54750,3,40,1,Operaciones,0
28,2,42584,2,43,1,Marketing,1
57,4,46123,5,38,0,Tecnología,0
41,3,80985,4,34,1,Finanzas,0
22,22,32382,5,47,1,Marketing,0
29,0,69637,3,33,2,Ventas,0
37,5,49978,3,41,0,Finanzas,0
35,2,49964,5,36,0,Operaciones,0
33,2,69226,3,49,0,Ventas,1
44,6,61120,4,61,2,Operaciones,0
36,5,65271,2,33,1,Operaciones,0
49,23,72427,3,30,1,Ventas,0
55,0,49036,2,43,0,Ventas,0
23,0,43979,2,45,0,Ventas,1
53,6,35467,1,46,1,Tecnología,1
44,4,40142,1,40,0,RR.HH.,1
43,1,108083,5,43,0,RR.HH.,0
46,0,77404,2,48,1,Tecnología,0
43,0,30680,4,54,0,Marketing,0
43,11,31195,4,30,0,Tecnología,1
27,1,63673,3,41,0,Ventas,1
36,1,64850,2,46,1,Tecnología,1
58,1,64879,4,36,0,RR.HH.,0
54,2,50410,4,60,1,Tecnología,1
29,0,52741,4,39,0,Tecnología,0
26,3,60901,4,44,1,Ventas,0
25,0,56546,5,50,0,Operaciones,1
27,8,22000,3,39,0,Marketing,0
53,1,50863,3,30,1,Tecnología,0
51,3,39674,4,41,1,Tecnología,0
56,10,58153,1,54,0,Finanzas,0
37,5,108734,5,41,0,Finanzas,0
34,3,61614,2,37,2,Tecnología,1
51,1,49356,3,53,1,Marketing,1
40,2,71592,4,42,0,RR.HH.,0
38,5,63688,3,40,0,Tecnología,0
40,25,62561,3,46,0,Finanzas,0
49,5,65923,3,51,1,Marketing,0
47,4,92017,5,66,0,Operaciones,0
58,6,34644,3,52,0,Ventas,1
47,3,63525,5,55,1,Tecnología,0
44,0,38325,1,40,1,RR.HH.,1
30,4,64999,4,35,1,Tecnología,1
33,15,38463,4,45,0,Finanzas,0
22,0,47487,2,45,0,Operaciones,1
22,5,49688,3,35,0,Finanzas,0
55,1,72564,2,43,0,Marketing,1
53,3,71532,4,48,1,Tecnología,0
46,0,32577,3,48,0,Operaciones,1
22,2,55988,4,49,1,Operaciones,0
37,7,42227,2,47,2,Tecnología,1
26,2,32346,2,40,2,Finanzas,0
43,5,51093,1,40,0,Ventas,1
50,7,49447,3,34,0,Operaciones,0
24,13,98680,3,61,0,RR.HH.,0
33,1,62793,5,45,1,Tecnología,0
47,2,30202,4,42,1,Finanzas,0
37,0,44834,3,36,2,Finanzas,1
58,24,73384,5,71,1,Ventas,1
43,13,92591,4,35,2,Ventas,0
50,3,26452,5,41,2,Tecnología,0
35,9,22000,3,48,0,RR.HH.,0
49,3,88677,2,50,1,Operaciones,0
26,4,62013,1,53,0,Marketing,1
51,0,39370,4,61,2,RR.HH.,1
26,7,64623,2,49,0,Operaciones,1
33,0,22000,3,35,0,Tecnología,0
37,8,55060,3,42,0,Operaciones,0
47,7,60900,3,47,0,Ventas,0
47,6,71636,4,63,1,Tecnología,0
42,0,36749,2,32,1,Finanzas,1
57,1,56542,3,55,1,Ventas,1
54,1,38342,4,46,0,Finanzas,1
51,2,59596,5,52,0,Operaciones,0
58,0,38883,4,44,1,Tecnología,0
44,13,47654,5,37,0,Tecnología,0
31,4,37075,4,51,0,Operaciones,0
26,1,66720,3,50,0,Operaciones,1
57,2,70452,2,53,1,Tecnología,1
55,2,50776,4,44,0,Tecnología,1
52,4,55688,4,39,0,Finanzas,0
31,3,28925,4,30,0,RR.HH.,0
40,12,49605,3,52,0,Ventas,1
53,3,54096,3,48,1,Tecnología,0
22,24,102174,3,36,0,Operaciones,0
26,9,34984,3,40,0,Finanzas,1
25,1,81355,2,40,2,Marketing,0
37,13,72943,4,31,0,Operaciones,0
45,0,60051,2,37,0,Marketing,1
37,8,86655,1,34,1,Ventas,0
23,2,61697,3,41,1,Operaciones,0
49,10,62004,4,38,1,Ventas,0
53,10,54043,3,30,2,Finanzas,0
48,8,77024,2,63,0,Tecnología,1
41,7,74736,3,56,0,Tecnología,1
45,1,43737,3,37,0,Operaciones,0
33,0,31253,5,47,0,Operaciones,0
56,2,51346,5,48,1,Ventas,0
54,0,40599,3,55,1,Finanzas,1
54,5,53856,3,37,1,Tecnología,1
58,2,77273,4,54,1,Tecnología,0
33,18,46768,1,40,0,Operaciones,1
24,5,54229,3,32,1,Tecnología,1
22,8,56044,3,51,1,Marketing,0
54,0,70271,5,56,1,Ventas,1
31,9,22000,1,68,1,Finanzas,1
50,12,44079,3,34,2,Finanzas,0
34,3,58803,4,51,0,Tecnología,1
33,4,76601,3,41,1,Tecnología,0
52,7,46145,1,52,0,Operaciones,1
23,0,22000,5,31,0,Operaciones,0
56,3,66154,3,33,1,Tecnología,0
44,2,43563,4,38,1,RR.HH.,0
38,0,33586,2,45,0,Ventas,0
47,2,43761,3,39,2,Ventas,0
29,0,51678,3,50,1,RR.HH.,1
50,0,44114,1,54,1,Ventas,1
47,0,22000,2,50,0,Operaciones,1
31,16,71147,4,59,0,Finanzas,1
47,3,77947,2,48,0,Marketing,1
55,16,66727,2,34,1,Finanzas,1
28,2,34521,3,57,2,Marketing,1
25,1,51373,4,39,0,RR.HH.,0
32,3,54882,1,53,1,Finanzas,1
50,2,65778,3,59,0,Marketing,0
57,0,67030,2,49,1,Finanzas,0
46,5,41784,1,31,0,Ventas,1
42,1,56475,1,36,1,Finanzas,1
57,4,63231,4,56,1,Marketing,0
31,5,81204,2,43,0,Operaciones,1
58,0,67681,1,45,0,RR.HH.,1
30,0,69203,3,51,0,Finanzas,1
45,7,56508,4,51,0,Marketing,0
56,3,80388,2,47,1,Ventas,1
56,0,62375,3,43,1,Finanzas,1
57,26,39500,1,42,1,Tecnología,0
39,0,80260,3,52,1,Finanzas,1
53,5,67562,3,49,2,Finanzas,0
45,20,47025,3,42,1,Ventas,0
44,1,46369,3,54,2,Ventas,0
53,0,60338,3,43,0,Finanzas,0
58,0,63337,2,37,0,Ventas,1
33,1,58551,3,38,1,Tecnología,0
34,0,60603,1,36,0,Operaciones,1
44,5,85599,4,42,1,Tecnología,0
46,0,74287,5,56,0,RR.HH.,0
56,3,58431,5,37,0,Marketing,1
51,28,71943,5,46,0,Ventas,0
38,8,36414,4,39,1,Tecnología,0
41,4,62162,4,42,1,Finanzas,0
46,1,87567,3,31,2,Operaciones,0
43,4,51075,4,43,1,Marketing,1
34,3,39742,3,43,1,Marketing,0
40,2,43262,3,49,0,Operaciones,1
57,0,35386,4,47,1,Ventas,0
33,10,40874,3,34,1,Ventas,0
40,2,48330,3,54,1,Tecnología,1
33,1,29699,5,46,0,Ventas,1
30,2,55281,1,46,0,Finanzas,1
28,2,71240,3,44,0,Finanzas,0
49,8,38660,5,40,0,Ventas,0
35,6,82347,4,46,1,Operaciones,1
52,7,64194,3,49,0,Ventas,1
40,0,73550,2,30,0,Tecnología,1
37,2,43158,3,40,2,Finanzas,0
26,3,70381,5,42,1,Tecnología,0
56,0,35345,3,47,0,Tecnología,1
33,1,71024,3,55,0,Ventas,1
46,7,58093,1,38,2,Tecnología,1
42,0,64958,1,40,0,Operaciones,0
57,3,33839,5,40,0,Marketing,0
44,1,38888,3,37,0,Tecnología,0
37,0,65750,4,41,1,Tecnología,0
35,1,37929,1,51,1,Finanzas,1
52,18,63337,4,35,3,Marketing,0
26,8,30391,5,48,1,Tecnología,0
56,16,70267,3,30,1,Tecnología,0
44,3,32814,2,39,4,Operaciones,1
50,0,64941,3,42,0,Finanzas,1
32,3,66261,4,60,1,Ventas,0
39,3,42458,3,42,1,Finanzas,1
33,9,65476,5,30,1,Ventas,0
30,0,59687,4,30,0,RR.HH.,0
31,3,45300,5,45,2,RR.HH.,0
38,0,36846,4,50,1,Operaciones,0
59,1,22000,2,48,0,Tecnología,0
28,6,61293,3,46,0,Tecnología,0
34,3,26833,2,55,1,Ventas,1
30,2,56716,5,40,0,Operaciones,0
48,2,50257,4,53,0,Ventas,0
23,3,67224,4,30,1,Tecnología,1
26,7,49563,3,36,1,Ventas,0
50,11,49069,2,30,1,Operaciones,1
58,15,68173,4,42,0,RR.HH.,1
59,7,61031,3,44,1,Tecnología,0
40,1,60690,2,46,2,Tecnología,1
29,5,63446,4,45,3,Operaciones,0
22,2,27359,1,36,1,RR.HH.,1
43,1,68622,3,43,1,Finanzas,1
38,9,66024,3,31,1,Operaciones,1
28,0,36699,2,57,0,Marketing,1
46,11,50606,5,42,2,Tecnología,0
25,3,54292,2,40,1,Marketing,0
57,5,52579,2,59,1,Ventas,1
27,5,61009,2,33,0,Tecnología,0
52,11,80764,4,34,1,Operaciones,0
40,5,74471,3,35,1,Tecnología,1
48,4,31380,3,44,1,Tecnología,1
31,0,66197,1,48,0,Tecnología,1
47,3,78920,1,51,1,Finanzas,1
40,0,61962,3,68,0,Tecnología,1
24,6,74637,4,30,0,Finanzas,0
34,3,91220,5,50,1,Operaciones,0
49,5,73426,1,39,2,Finanzas,1
41,0,59487,3,39,2,Ventas,0
49,0,73811,5,39,1,Marketing,0
29,6,57607,3,36,1,Tecnología,1
22,0,55430,4,60,3,Ventas,0
24,0,48674,2,52,0,Ventas,1
34,0,83141,5,45,0,RR.HH.,0
49,15,40268,4,57,1,Ventas,0
46,6,82582,5,31,1,Ventas,0
54,2,63997,4,33,1,Tecnología,0
59,1,29812,3,30,2,Tecnología,1
27,2,61617,5,38,1,Finanzas,0
53,7,22000,2,46,1,Operaciones,0
42,5,66259,3,45,0,Operaciones,0
37,1,70934,4,46,1,Tecnología,0
42,0,44337,4,32,1,Ventas,0
32,0,57223,5,52,0,Marketing,1
58,5,90174,2,47,0,Ventas,1
57,7,45896,4,51,0,Operaciones,0
56,1,35939,4,30,0,Ventas,0
40,0,81669,1,47,0,Marketing,1
41,0,90326,3,34,0,Tecnología,0
39,17,55066,3,41,1,Tecnología,0
35,1,73206,3,49,1,Finanzas,1
36,7,79146,5,45,1,RR.HH.,0
52,4,41635,4,37,0,Tecnología,1
22,2,46264,4,45,1,RR.HH.,0
24,1,77155,5,31,1,Finanzas,0
37,0,85330,3,55,1,Ventas,1
44,4,65131,4,43,0,Ventas,0
32,7,39163,3,55,1,Tecnología,0
33,5,90767,5,40,1,Ventas,0
31,3,45442,2,40,1,Finanzas,0
53,0,48967,5,38,2,Ventas,0
37,17,61162,2,52,0,Tecnología,0
29,8,82974,3,38,0,Ventas,1
59,1,70371,4,50,1,RR.HH.,0
33,19,62467,3,41,1,Ventas,1
45,4,63339,4,30,0,Ventas,0
49,4,55783,3,39,2,Ventas,0
29,6,65046,4,34,1,Marketing,0
49,8,22000,2,45,0,Ventas,1
57,5,49661,1,34,0,Finanzas,1
47,0,59343,3,53,3,Ventas,0
29,2,34281,3,44,0,Ventas,1
49,13,61953,2,43,0,RR.HH.,0
49,1,51319,3,50,3,Tecnología,1
58,2,86598,3,53,1,Marketing,1
57,2,83314,1,44,0,Marketing,1
48,2,46615,3,38,1,Operaciones,1
38,4,52284,5,30,0,Finanzas,0
30,14,53668,2,38,2,Tecnología,0
54,1,46870,3,39,1,Tecnología,1
41,0,58510,4,45,2,Marketing,0
34,1,41350,3,41,1,Finanzas,1
49,10,34648,4,51,0,RR.HH.,0
50,5,66208,3,39,1,Ventas,1
34,1,66331,3,44,1,Ventas,0
56,8,40522,1,55,0,Marketing,0
27,9,71116,4,48,0,Tecnología,1
39,9,43631,4,44,1,Tecnología,0
26,12,59556,1,39,1,Ventas,1
46,1,69766,3,39,0,Operaciones,1
23,7,54394,5,37,1,Ventas,1
31,3,63185,3,40,1,Operaciones,1
51,9,45704,3,51,0,Ventas,1
26,6,51463,5,43,0,Operaciones,0
54,7,51294,4,32,1,Finanzas,0
22,5,41561,3,60,2,Ventas,1
39,0,51818,4,47,1,RR.HH.,0
53,3,27124,5,32,0,Tecnología,0
32,20,46159,3,41,0,Ventas,0
42,13,49872,3,45,1,Operaciones,1
47,0,50388,3,60,2,Tecnología,1
46,0,50653,5,35,1,Tecnología,0
43,0,53888,4,53,0,Ventas,0
48,6,63629,1,57,1,Tecnología,1
34,8,70741,5,39,4,Operaciones,0
54,1,43304,3,42,2,Tecnología,0
55,3,33342,1,35,1,Marketing,1
56,9,36243,3,43,1,Marketing,0
22,6,46230,3,44,1,Ventas,0
42,3,48665,5,50,1,Ventas,1
27,4,41140,2,54,0,Operaciones,1
49,3,31669,4,38,1,Tecnología,1
38,1,46789,3,30,1,Ventas,1
26,4,58265,1,44,1,Tecnología,0
52,5,65710,5,47,0,Finanzas,0
26,10,44966,3,47,0,Operaciones,1
59,5,47566,3,42,2,Ventas,1
24,7,38319,3,46,0,Ventas,0
44,0,54434,5,58,0,Marketing,0
58,3,39728,3,48,0,Operaciones,1
58,0,65316,2,41,0,RR.HH.,1
31,1,22854,2,40,1,Operaciones,1
31,6,48526,3,43,1,Tecnología,0
40,24,60419,4,59,1,Operaciones,0
38,0,58309,3,43,0,Tecnología,1
42,2,103474,2,44,2,Ventas,1
35,8,61296,2,40,0,Finanzas,0
30,1,36927,3,54,2,Tecnología,1
22,4,53281,5,62,0,Marketing,1
34,6,23027,3,49,3,Tecnología,0
25,4,53549,5,45,0,Marketing,0
22,1,40004,3,45,0,Marketing,0
53,2,71477,2,30,0,Ventas,0
55,7,45108,5,51,1,Operaciones,0
49,4,52898,3,46,0,Tecnología,1
52,0,43559,4,48,0,Marketing,0
29,7,86299,5,38,0,Tecnología,0
47,0,49217,1,41,0,Operaciones,1
55,6,87986,1,41,2,Tecnología,0
24,1,69654,4,54,0,Ventas,0
33,15,63677,3,41,0,Ventas,1
22,2,61637,2,63,0,Tecnología,1
26,1,62088,1,48,2,Operaciones,0
51,0,22000,1,33,1,Finanzas,1
51,1,49980,4,43,3,Finanzas,0
38,10,70212,2,39,3,Tecnología,1
44,28,54119,3,30,3,RR.HH.,0
36,2,29706,4,59,1,Ventas,1
58,2,54056,3,51,1,Operaciones,1
42,6,85673,1,49,1,Marketing,0
35,10,77444,4,46,1,Tecnología,0
23,4,53883,1,32,2,Ventas,1
32,2,72126,4,40,1,Ventas,0
59,2,48402,5,52,0,Finanzas,1
55,5,24330,3,35,0,Finanzas,0
59,0,38359,3,30,0,Operaciones,1
55,4,83131,3,42,2,Tecnología,1
39,2,50068,3,43,0,Operaciones,1
51,7,50619,5,46,0,Finanzas,0
36,0,49602,5,51,1,Tecnología,0
48,4,89274,3,50,0,RR.HH.,1
55,3,84267,4,47,2,Ventas,0
59,5,94938,5,55,1,Tecnología,0
54,0,52137,5,31,1,Operaciones,1
45,4,60321,3,49,0,Tecnología,0
36,4,27700,3,50,1,Operaciones,0
51,4,81584,2,33,1,Finanzas,0
38,4,33979,5,31,0,Ventas,0
26,5,58901,2,38,0,RR.HH.,0
50,8,35248,3,39,1,RR.HH.,0
25,1,44400,3,51,0,Tecnología,0
31,8,39929,2,39,2,Ventas,0
38,3,44058,3,37,2,Tecnología,0
31,0,45295,5,39,1,Ventas,0
38,0,45131,1,55,0,Ventas,1
41,2,70000,3,45,0,Tecnología,0
45,7,35112,1,43,1,Tecnología,1
26,6,58969,2,44,0,Marketing,1
55,7,76923,3,56,1,Tecnología,0
27,3,45762,3,38,0,Operaciones,1
23,2,42077,2,56,0,RR.HH.,1
34,0,50850,3,46,1,Finanzas,0
32,1,76235,1,43,1,Tecnología,1
44,2,58493,3,67,1,Marketing,1
37,0,45438,5,35,1,RR.HH.,0
52,1,63709,5,41,0,Operaciones,0
32,4,35158,3,33,0,Tecnología,1
37,6,67264,3,53,0,Ventas,1
29,32,62354,5,60,0,Finanzas,0
25,13,49459,1,60,0,Ventas,1
25,5,39905,4,56,1,RR.HH.,0
46,2,39039,5,43,0,Ventas,0
24,5,64626,1,41,1,Finanzas,0
53,7,77121,2,30,0,Marketing,1
24,0,43528,5,63,1,Tecnología,0
48,2,63250,3,49,0,Operaciones,0
50,9,22000,1,40,0,RR.HH.,0
53,2,44476,2,56,2,RR.HH.,1
40,4,54440,3,36,2,Marketing,1
42,4,38625,4,48,1,Operaciones,1
26,1,38142,4,43,0,Operaciones,1
39,2,42979,5,50,1,Tecnología,0
49,2,60259,3,44,1,RR.HH.,0
43,0,51628,3,31,5,Ventas,1
42,0,22000,3,45,0,Tecnología,0
27,8,22000,3,54,1,RR.HH.,1
22,1,44076,2,44,1,Operaciones,1
26,3,63238,5,51,0,Operaciones,0
33,1,22000,5,35,0,Tecnología,0
47,14,46004,3,44,1,Ventas,0
55,1,45527,4,39,0,Operaciones,1
35,2,79990,2,51,0,Ventas,1
47,10,48069,3,45,0,Finanzas,0
48,9,61893,4,51,1,Ventas,0
30,1,57542,3,54,1,Tecnología,1
47,8,22000,5,51,1,Marketing,0
43,3,68827,4,47,2,Ventas,0
51,3,58877,3,36,2,Tecnología,0
38,0,64148,4,44,0,Tecnología,0
47,0,125672,2,40,2,Marketing,1
57,6,22000,3,41,0,Operaciones,0
22,3,86044,3,41,2,Ventas,1
29,2,49825,3,36,0,Ventas,1
56,6,60171,4,30,1,Finanzas,0
36,7,54180,3,38,0,Tecnología,1
43,0,47363,4,46,2,Finanzas,1
35,4,44743,3,32,1,Ventas,1
47,0,60931,3,45,2,Ventas,0
49,6,27690,4,62,0,Finanzas,0
44,5,68510,2,54,3,Ventas,0
35,15,47508,2,59,1,Operaciones,1
45,0,34658,3,48,0,Ventas,1
23,0,46899,2,55,1,Ventas,0
47,1,77628,1,38,0,Marketing,1
35,1,45363,4,39,2,Tecnología,0
28,1,61452,3,30,2,Finanzas,0
24,11,41842,3,55,1,Ventas,0
44,1,68642,5,58,0,Finanzas,1
39,1,67339,3,40,0,Finanzas,1
59,7,88274,5,42,1,Tecnología,0
56,2,51839,2,38,2,Operaciones,0
36,7,67035,3,48,1,Finanzas,1
46,0,56765,5,55,0,Tecnología,0
58,3,78325,3,30,1,RR.HH.,1
49,0,42061,4,48,0,RR.HH.,0
31,0,68410,3,42,1,Ventas,1
38,11,51495,1,46,1,Tecnología,0
43,0,53844,3,49,0,Tecnología,0
47,3,56651,3,43,0,Tecnología,1
46,2,59540,5,44,1,Operaciones,0
38,2,52907,2,43,2,RR.HH.,1
34,11,58864,5,53,0,Marketing,0
41,0,83406,5,48,1,Tecnología,0
46,5,72738,2,46,2,Tecnología,1
25,16,70644,3,33,1,Operaciones,1
31,4,46800,5,41,0,RR.HH.,0
24,13,38993,5,53,0,RR.HH.,0
39,0,72195,3,45,1,Ventas,0
57,2,70768,3,50,0,Tecnología,0
43,1,81508,3,60,1,Tecnología,1
55,6,44128,4,54,1,Marketing,1
29,19,50868,2,45,0,Tecnología,0
40,1,25489,4,40,0,Operaciones,1
58,5,47935,1,30,0,Finanzas,0
27,1,72938,1,43,1,Tecnología,1
47,4,46603,3,42,1,RR.HH.,1
55,3,66528,3,48,2,Operaciones,0
27,17,51570,3,43,1,Operaciones,0
58,4,60833,3,42,1,Ventas,0
54,2,34341,3,30,1,Tecnología,1
43,0,56533,2,36,2,Tecnología,1
42,0,22000,3,49,0,Ventas,1
27,1,51635,5,60,2,Finanzas,0
27,1,25651,3,44,1,Operaciones,0
25,9,76707,3,47,2,Tecnología,1
51,4,68993,3,53,1,Operaciones,0
32,3,63400,5,37,0,Finanzas,0
51,0,82378,2,48,0,Tecnología,0
52,9,37919,4,38,1,Ventas,0
45,6,86452,4,52,0,Finanzas,0
30,0,71779,4,46,1,Operaciones,0
24,6,50742,1,47,0,Finanzas,1
52,3,75441,4,37,0,Ventas,0
58,0,35086,1,51,0,Ventas,0
57,3,40158,3,63,1,Ventas,0
45,3,44045,4,35,2,RR.HH.,0
52,0,45478,2,41,0,Operaciones,1
27,14,35981,4,47,0,Ventas,1
23,9,77015,1,52,1,Operaciones,1
41,5,50340,4,39,0,RR.HH.,1
49,3,61345,3,30,1,Finanzas,1
32,2,44733,2,57,0,Marketing,1
25,5,22229,2,51,2,Ventas,1
36,3,59861,5,30,1,Marketing,0
27,0,22000,1,39,1,Ventas,1
51,3,53764,2,59,4,Tecnología,1
59,8,30370,3,58,0,Operaciones,0
23,3,90770,4,53,1,Marketing,0
36,0,71404,3,43,1,RR.HH.,0
32,7,56903,2,45,4,Finanzas,0
29,1,77746,3,43,0,Finanzas,0
47,1,39766,2,55,0,Operaciones,1
26,0,64782,2,37,0,Ventas,1
27,2,58596,3,37,2,Operaciones,0
47,7,59752,4,54,1,RR.HH.,0
25,3,77902,2,44,0,Tecnología,1
40,1,68184,3,57,0,Tecnología,0
41,10,60197,3,38,0,RR.HH.,1
54,10,25212,5,44,1,Marketing,0
41,10,37719,5,36,0,RR.HH.,0
33,1,52791,4,45,0,Marketing,0
22,3,56680,2,31,1,Ventas,0
47,20,34656,1,40,1,Finanzas,1
35,7,98410,3,32,1,Operaciones,0
59,0,82295,2,51,1,Finanzas,1
58,0,65838,3,51,2,Finanzas,1
32,3,56296,4,30,1,RR.HH.,0
57,11,51180,5,57,1,Operaciones,0
34,3,37865,4,67,0,Operaciones,1
24,3,56394,3,45,1,Ventas,0
54,0,59639,4,39,0,Operaciones,1
27,5,32648,3,70,1,Tecnología,0
31,8,61015,1,33,0,Tecnología,1
26,2,52205,4,45,1,Operaciones,1
44,7,22000,1,46,1,Tecnología,0
31,16,39513,3,57,0,Operaciones,1
23,1,47555,3,48,2,Tecnología,0
34,3,88978,4,40,0,Ventas,0
23,1,65017,4,36,1,RR.HH.,0
41,7,30961,3,41,0,Ventas,0
22,4,63748,4,35,2,Operaciones,0
58,5,27148,3,45,1,Tecnología,0
30,7,74488,3,39,1,Tecnología,0
38,2,46519,4,31,0,Ventas,1
30,12,53314,4,56,2,Tecnología,0
32,3,78864,5,40,1,Operaciones,0
36,0,31831,2,33,0,Ventas,1
45,5,29851,4,43,0,Finanzas,0
59,7,44495,4,45,1,Marketing,0
56,1,73690,5,30,0,Finanzas,0
51,9,27651,2,47,0,Operaciones,0
52,11,22000,4,35,0,Ventas,0
26,1,46879,3,60,1,Tecnología,1
35,20,64931,2,49,0,Operaciones,0
32,0,76604,3,41,2,Finanzas,0
30,1,46663,3,38,2,Finanzas,1
55,1,47594,3,44,1,Finanzas,1
33,11,75770,5,50,2,Tecnología,0
56,5,22000,3,44,1,Ventas,0
56,0,48006,4,43,0,Operaciones,0
22,2,58427,3,45,0,Finanzas,1
43,4,63085,1,39,2,RR.HH.,1
50,0,45823,2,41,1,Operaciones,1
29,10,55619,3,30,0,Tecnología,1
32,8,22000,3,53,0,Tecnología,1
58,3,43151,2,47,0,Operaciones,0
35,17,63163,3,38,0,Operaciones,0
51,2,37318,3,62,0,RR.HH.,1
56,20,56061,2,45,2,Ventas,1
42,5,63043,3,35,0,Ventas,1
58,5,48834,2,52,0,Finanzas,1
26,0,58068,5,48,1,Tecnología,0
40,10,37670,5,48,0,Operaciones,0
35,2,51280,4,41,2,Marketing,0
47,0,65983,2,49,0,Operaciones,0
25,0,57825,4,42,0,Tecnología,0
46,4,44442,4,50,1,Operaciones,0
46,3,59035,4,30,0,Tecnología,0
39,6,67862,2,41,1,Ventas,0
29,11,22000,4,60,0,Ventas,0
35,0,75863,4,38,0,Tecnología,1
53,6,48947,3,39,1,Marketing,1
59,1,62658,4,40,0,Ventas,0
54,9,76550,3,34,0,Ventas,1
44,8,30309,3,30,0,Marketing,1
36,3,42230,1,42,1,Ventas,1
54,6,49806,4,46,0,Operaciones,0
46,1,40892,1,44,2,Tecnología,1
38,3,86228,3,43,1,Ventas,0
54,8,39578,3,45,2,Marketing,0
23,3,45000,3,54,1,Ventas,1
35,2,58679,2,43,4,RR.HH.,0
27,3,33361,4,39,0,Tecnología,1
27,8,47877,4,42,0,Ventas,1
24,2,60714,2,50,0,Ventas,1
28,0,49008,2,57,0,Ventas,1
29,6,53319,2,39,1,Ventas,1
36,8,45472,5,45,0,Operaciones,0
50,0,27739,3,48,2,RR.HH.,0
54,1,60788,3,36,0,Tecnología,0
51,0,86588,2,45,0,Tecnología,1
48,2,55331,4,31,1,Marketing,0
57,2,59054,5,30,1,Marketing,0
50,6,67469,4,48,0,Finanzas,0
59,5,32152,4,41,1,Operaciones,0
54,4,85645,1,46,0,Tecnología,1
58,2,58641,2,44,0,Tecnología,0
48,9,84373,1,36,1,Finanzas,0
54,3,41805,2,44,0,Finanzas,1
25,19,87725,2,33,0,RR.HH.,0
43,5,68952,2,57,0,Tecnología,1
23,0,64954,3,32,2,Marketing,0
31,5,59212,5,43,1,Operaciones,0
26,1,50526,4,35,0,Tecnología,0
31,5,76609,4,50,0,Finanzas,1
54,0,57526,4,42,0,Tecnología,1
59,0,22000,2,40,0,Ventas,1
34,9,34890,4,52,1,Tecnología,0
52,1,51654,2,45,1,Tecnología,1
57,9,60579,4,49,2,Ventas,0
45,1,53981,3,36,0,Operaciones,0
36,5,76941,5,32,0,Tecnología,0
50,5,22000,2,45,0,RR.HH.,1
29,3,57584,2,42,0,Ventas,1
26,1,22276,5,50,1,Ventas,0
50,1,68674,1,44,0,Operaciones,1
25,0,53299,4,46,2,Finanzas,1
33,1,62552,4,30,1,Marketing,1
23,5,39450,4,61,0,Marketing,1
48,13,78030,5,43,0,Tecnología,0
52,10,73751,5,51,2,Tecnología,0
57,7,65503,1,37,1,Operaciones,1
57,7,52668,4,47,1,Marketing,0
47,5,65437,4,33,0,Finanzas,0
48,1,42275,4,49,2,Operaciones,1
26,11,70400,2,41,0,Operaciones,1
41,5,84690,4,45,0,Tecnología,1
32,4,74270,5,51,0,RR.HH.,0
31,0,41867,5,33,2,Operaciones,0
59,2,61505,3,38,0,Finanzas,0
27,3,31723,1,49,1,Ventas,1
29,9,65303,3,63,1,Tecnología,0
44,3,63110,4,43,1,Ventas,0
47,2,22000,4,50,2,Ventas,0
33,18,34087,3,44,2,Marketing,0
47,0,49903,1,62,0,Ventas,1
34,2,49584,3,30,0,Ventas,0
39,0,33229,3,45,1,Tecnología,0
46,6,62001,5,30,1,Finanzas,0
54,12,59526,4,30,1,RR.HH.,0
33,1,51503,3,47,0,Ventas,1
57,9,41395,3,46,1,Ventas,1
25,1,73876,1,42,0,Ventas,1
26,12,84797,5,44,0,RR.HH.,0
58,7,46295,3,72,0,Tecnología,1
29,8,43980,3,42,2,Marketing,0
49,0,63841,3,49,2,Tecnología,0
52,16,48555,4,39,2,Ventas,0
30,6,52490,4,47,0,Finanzas,0
50,1,68313,4,42,0,Tecnología,0
35,8,22000,2,41,0,Finanzas,0
43,1,78729,3,61,1,Tecnología,0
32,10,56308,2,55,2,RR.HH.,1
44,0,47593,4,46,1,Operaciones,1
22,6,53393,1,30,0,Marketing,1
58,3,54323,3,41,1,Tecnología,0
42,0,23838,5,69,0,Tecnología,0
47,1,81908,5,42,2,Tecnología,0
57,0,55743,3,54,2,Marketing,0
44,3,62974,3,57,0,Marketing,1
22,1,72127,1,46,1,Ventas,1
36,4,36619,4,37,0,Ventas,1
42,1,63522,4,30,1,RR.HH.,0
30,1,50182,2,51,0,Ventas,1
30,6,70241,3,37,0,Tecnología,0
31,0,22000,4,46,0,Ventas,0
47,11,53216,5,33,1,Finanzas,0
56,9,44149,2,42,2,Marketing,0
46,5,62780,3,45,3,Marketing,0
47,4,63460,2,47,3,Tecnología,1
32,11,42262,2,34,1,Finanzas,0
59,1,42180,5,55,0,Operaciones,0
23,0,53008,4,39,0,Ventas,1
28,1,38860,4,30,1,Finanzas,1
39,7,70155,1,44,2,Tecnología,0
48,0,48354,4,45,1,Ventas,1
55,4,22000,3,46,0,Tecnología,1
48,26,48253,3,57,2,Ventas,0
38,9,36306,3,42,1,Finanzas,0
45,3,25637,1,43,0,Tecnología,0
46,0,32726,4,35,1,Tecnología,0
28,8,56969,3,52,0,Ventas,1
27,4,78915,2,46,1,Operaciones,0
45,0,60637,2,41,0,RR.HH.,0
54,0,44082,2,30,1,RR.HH.,0
50,12,63206,1,57,2,RR.HH.,1
43,5,46736,3,33,2,Tecnología,1
47,8,42497,4,39,0,Ventas,0
49,10,34221,1,48,1,Operaciones,0
42,4,23467,1,34,2,Ventas,1
28,3,47981,3,31,2,Ventas,1
38,2,57844,4,30,1,Finanzas,1
41,1,53260,3,51,3,Ventas,0
41,2,47512,3,40,1,Tecnología,0
43,7,37976,3,71,0,RR.HH.,1
49,4,65948,2,36,2,Tecnología,0
28,11,31291,1,36,0,Finanzas,0
22,2,68968,4,39,1,Finanzas,1
53,4,36960,4,47,1,Finanzas,0
34,4,41456,3,40,2,Finanzas,0
51,4,28597,4,50,1,Tecnología,0
44,6,45974,4,36,1,Tecnología,0
40,1,72555,2,32,0,Tecnología,1
53,3,64281,3,30,1,Tecnología,1
51,0,72611,2,30,4,Marketing,0
50,2,64398,2,40,1,Operaciones,0
50,3,35133,4,42,0,Ventas,0
51,5,49045,5,39,1,Ventas,0
37,15,40956,5,56,1,Ventas,0
40,4,78950,4,56,2,Ventas,0
39,6,33457,2,41,2,Ventas,1
22,3,71086,2,30,0,RR.HH.,0
35,5,71073,4,39,1,Operaciones,0
23,0,87933,3,39,0,Finanzas,1
49,1,47625,4,39,1,Ventas,0
51,2,67821,4,38,3,Tecnología,0
59,3,96069,4,39,0,RR.HH.,0
25,0,43882,4,41,0,Operaciones,1
22,0,27369,1,39,1,Operaciones,1
29,1,22000,4,46,0,Marketing,1
50,17,67828,5,48,1,RR.HH.,0
24,2,22000,3,36,0,Finanzas,0
53,3,48298,4,56,1,Ventas,1
31,1,62871,3,36,0,RR.HH.,0
31,4,58333,5,30,0,Ventas,0
40,1,62658,1,48,1,Tecnología,1
55,1,59001,3,37,0,Finanzas,0
54,3,78019,2,47,1,Tecnología,1
44,0,37858,4,30,1,Ventas,0
49,0,42814,2,57,3,Ventas,0
53,1,41092,2,51,0,Ventas,0
28,0,69943,3,31,1,Ventas,1
50,0,71207,5,31,2,Ventas,0
29,2,63122,2,60,0,Ventas,1
22,8,76302,2,38,2,Ventas,0
24,4,33795,4,37,0,Marketing,0
45,3,85010,3,30,0,Tecnología,1
44,1,82418,5,41,0,Ventas,0
29,13,68241,2,42,0,RR.HH.,0
58,2,87072,4,51,2,Operaciones,0
24,0,25180,2,32,1,Finanzas,0
54,4,45559,2,31,0,Tecnología,0
49,0,41764,4,49,0,RR.HH.,1
29,2,67986,3,54,0,Finanzas,0
55,3,36097,4,30,1,Finanzas,0
56,10,68634,3,54,1,Finanzas,0
53,3,79669,3,45,1,Operaciones,0
45,6,67513,3,54,0,Operaciones,0
35,24,60107,5,44,0,RR.HH.,0
53,0,37218,3,30,0,Tecnología,1
37,1,39756,3,43,0,Finanzas,1
25,2,77493,3,54,2,Operaciones,0
58,2,69028,3,36,1,Ventas,1
42,2,54297,2,41,0,Marketing,1
35,11,47477,5,43,4,Ventas,1
52,6,22000,2,30,0,RR.HH.,1
39,4,35724,5,60,0,Operaciones,1
28,1,89405,2,36,0,Ventas,0
31,8,31951,4,49,0,RR.HH.,0
28,15,58410,5,44,1,Ventas,0
54,8,73133,2,56,3,Tecnología,1
44,0,32411,5,48,0,Ventas,0
42,5,58324,3,42,1,Tecnología,1
40,0,71882,5,36,0,Tecnología,0
40,1,55224,4,52,0,Marketing,0
57,0,106631,3,30,0,Marketing,0
50,4,24965,2,50,1,Ventas,1
39,5,74057,3,35,1,Finanzas,0
23,0,51889,1,56,0,Ventas,1
22,2,68894,2,46,0,Ventas,0
26,3,62943,2,50,0,Ventas,1
41,2,41803,3,45,0,Marketing,1
32,0,59121,4,30,2,Marketing,0
23,2,22000,2,37,0,Ventas,1
24,6,65858,2,51,1,Ventas,1
44,0,60366,4,46,1,Ventas,0
33,0,66495,2,55,1,RR.HH.,1
41,2,74046,1,48,1,RR.HH.,1
26,14,61617,2,36,1,Ventas,1
58,5,57665,5,37,0,Operaciones,0
59,5,39140,4,45,2,Tecnología,0
51,2,42180,3,30,0,Marketing,0
30,4,76361,4,60,0,Finanzas,1
55,0,80854,3,48,1,Tecnología,0
56,5,50714,4,56,2,Operaciones,0
43,12,55828,4,30,1,Operaciones,0
45,4,38716,4,56,2,Tecnología,1
38,10,76109,2,65,0,Tecnología,1
31,6,66977,1,33,0,Marketing,1
51,0,89941,3,51,0,Ventas,1
44,11,39190,5,45,1,Ventas,0
53,0,48195,3,31,0,Tecnología,1
38,3,59166,4,49,1,Operaciones,0
38,0,66636,5,52,0,Operaciones,0
35,0,51117,2,39,3,Marketing,0
30,2,39286,4,55,0,RR.HH.,0
23,1,70865,4,30,0,Ventas,0
46,3,67980,5,31,0,RR.HH.,0
30,4,38507,5,46,0,Operaciones,0
43,0,79397,4,45,1,Ventas,0
25,0,76063,2,38,1,Ventas,1
47,4,57417,4,52,2,Ventas,0
50,2,56432,2,49,3,Finanzas,1
55,6,64973,4,52,1,Operaciones,0
44,5,39489,5,43,0,Finanzas,0
58,9,55540,3,50,0,Marketing,0
32,5,22000,4,40,0,Ventas,0
27,2,70776,3,63,0,Marketing,1
39,5,26893,3,37,0,Operaciones,1
42,1,82061,3,63,0,Tecnología,1
57,1,49057,4,45,1,Marketing,0
59,7,51189,5,32,1,Tecnología,0
55,2,43700,5,57,3,Operaciones,0
38,8,49815,2,46,0,Operaciones,0
58,8,80533,5,52,4,Operaciones,0
46,9,22000,4,56,1,RR.HH.,1
59,12,77985,2,48,1,Ventas,0
33,2,61084,1,39,1,RR.HH.,1
44,1,33273,2,53,0,Tecnología,0
43,4,35644,5,45,1,Operaciones,0
42,2,85175,4,51,1,Operaciones,0
48,4,37980,4,30,0,Marketing,1
52,6,34239,2,49,3,Ventas,1
27,5,75471,4,39,1,Operaciones,0
48,2,61093,1,59,1,Marketing,1
55,0,38117,3,50,0,Operaciones,1
33,2,58899,4,47,1,Ventas,0
28,0,36536,2,49,0,Ventas,1
31,11,74814,4,36,0,Ventas,0
38,2,74104,2,59,0,Finanzas,0
47,0,64576,4,62,1,Finanzas,0
42,0,61509,3,48,0,Marketing,0
49,5,86701,3,59,1,Tecnología,1
23,5,54994,2,39,1,Tecnología,1
22,2,33726,1,37,3,Finanzas,1
57,0,63090,5,45,0,Operaciones,0
47,2,92548,2,48,1,Marketing,1
50,1,36734,4,41,0,Operaciones,0
42,5,48493,5,49,0,Tecnología,0
32,4,62496,2,47,0,Finanzas,1
32,2,54029,2,36,2,Operaciones,0
57,1,37318,4,49,1,RR.HH.,1
56,22,75193,5,52,0,Ventas,0
55,3,96760,5,46,1,Ventas,0
45,5,58530,3,55,0,Ventas,1
43,0,38726,4,34,1,Finanzas,0
26,3,27118,2,49,0,Ventas,1
54,0,59643,5,34,0,Ventas,0
57,3,74869,5,34,0,Tecnología,0
41,16,63553,2,39,2,RR.HH.,0
40,2,54956,3,36,1,Tecnología,1
56,0,44393,2,40,0,Finanzas,1
38,0,35341,2,43,0,Ventas,1
55,2,70025,4,52,3,Ventas,0
30,0,71447,3,42,1,RR.HH.,0
47,0,27176,1,30,0,Tecnología,1
23,7,83617,3,55,1,Tecnología,1
30,3,65333,5,37,0,Ventas,0
30,1,80192,4,44,0,Operaciones,0
38,11,30841,3,49,0,Finanzas,1
22,0,30415,2,46,1,Ventas,1
46,15,52318,5,54,0,Ventas,0
46,1,64050,4,49,0,Marketing,0
56,10,87334,3,37,0,Finanzas,0
24,4,67709,1,64,1,Tecnología,1
58,8,50631,1,46,1,Finanzas,1
51,20,36525,2,43,0,Operaciones,1
59,1,77140,3,53,2,Operaciones,0
55,16,37635,5,47,1,RR.HH.,0
33,2,84312,3,48,2,Tecnología,1
40,2,49881,4,67,1,Ventas,0
58,2,83630,3,42,1,Marketing,1
38,3,67220,4,42,0,Finanzas,1
31,0,52534,4,46,0,Ventas,1
33,4,45650,2,54,0,Marketing,1
37,3,48863,3,31,1,Marketing,0
45,7,62709,4,30,1,Marketing,0
40,8,56388,1,39,1,Operaciones,1
29,2,44311,3,30,0,Marketing,0
52,1,52018,3,41,2,Ventas,0
42,1,56414,5,49,1,Operaciones,0
38,1,22000,3,36,0,Operaciones,0
44,0,63247,4,32,1,Ventas,1
58,2,37365,3,45,0,Ventas,0
37,1,34240,4,52,0,Marketing,0
27,16,24627,3,30,1,Tecnología,0
29,4,22709,5,52,0,Operaciones,0
46,2,30601,3,52,0,Ventas,1
39,4,42237,4,53,2,Ventas,0
46,0,90158,4,55,1,Tecnología,1
33,2,45534,3,64,0,Ventas,1
36,4,58199,2,41,1,Finanzas,1
47,3,62208,1,45,0,RR.HH.,0
47,2,57359,1,41,0,Ventas,1
53,25,53606,5,45,1,Ventas,0
31,10,33484,2,58,1,Tecnología,1
37,4,81116,2,32,1,Ventas,0
28,4,87529,4,37,0,Operaciones,0
38,4,24712,3,57,0,Tecnología,0
44,1,36567,3,54,1,Ventas,0
47,2,49963,2,41,2,RR.HH.,1
42,0,37638,5,52,1,Ventas,0
43,3,64107,5,48,0,Ventas,0
28,3,41891,5,58,1,Ventas,0
35,1,93971,3,45,2,Operaciones,0
36,16,76429,4,54,0,Marketing,0
28,12,58826,2,68,1,Operaciones,0
30,6,73485,1,50,0,Tecnología,1
29,3,74906,1,45,1,Tecnología,1
44,10,44848,3,51,3,RR.HH.,0
50,0,40308,3,41,0,Finanzas,1
39,7,56406,3,66,1,Marketing,0
52,0,70509,1,46,0,Ventas,1
51,7,57503,3,42,0,Ventas,0
56,1,26614,4,37,0,Finanzas,1
39,10,40549,3,54,0,Operaciones,1
38,14,53668,4,52,1,Operaciones,0
35,0,53638,2,40,0,Finanzas,1
52,3,90505,4,50,2,Marketing,1
45,19,30052,3,31,0,RR.HH.,0
56,3,64100,2,46,2,Marketing,1
55,9,81804,2,49,1,Marketing,0
24,4,95886,4,60,1,Operaciones,1
58,2,47720,4,38,3,Tecnología,0
47,1,63845,3,33,0,Ventas,0
44,1,65255,2,36,1,RR.HH.,0
36,7,58518,5,32,1,Tecnología,0
25,2,53220,4,57,0,Operaciones,0
50,3,62847,3,58,1,Ventas,0
43,3,22000,3,47,1,Tecnología,1
46,4,67277,2,55,2,Operaciones,1
34,10,57271,4,46,0,Ventas,1
39,19,50995,3,44,1,Tecnología,0
54,2,91843,5,42,1,Tecnología,0
37,8,42851,3,42,1,Finanzas,0
23,7,47744,3,31,0,Ventas,1
56,4,90847,3,47,1,Operaciones,1
55,15,40022,5,44,2,Tecnología,0
51,1,45097,4,51,1,Marketing,0
34,0,52353,3,45,0,Tecnología,1
34,9,70133,4,43,0,Tecnología,0
39,2,58740,3,37,1,Ventas,0
53,9,31732,3,45,1,Ventas,1
53,11,45420,2,51,1,RR.HH.,0
56,0,44067,3,34,2,Ventas,1
50,10,53610,2,45,2,Tecnología,0
50,2,62665,5,47,1,RR.HH.,0
37,3,62527,3,38,0,Tecnología,0
31,4,23031,5,39,1,Ventas,0
51,13,74150,3,47,0,Operaciones,1
46,0,59546,4,34,1,Marketing,0
41,3,79921,3,48,1,Ventas,0
26,5,62995,2,36,2,Ventas,1
22,6,74823,3,54,0,Marketing,1
51,5,63397,1,66,0,Ventas,1
24,0,79232,4,37,0,Marketing,0
35,1,64400,3,49,2,Ventas,1
51,2,53237,4,38,0,Operaciones,0
25,8,95903,2,54,0,Tecnología,1
39,1,71002,2,33,0,Marketing,1
58,1,65327,3,49,1,Tecnología,0
46,15,32026,5,37,1,Finanzas,0
22,0,31810,4,43,0,Ventas,0
36,30,60268,3,35,1,Ventas,0
30,5,57619,3,52,2,Operaciones,1
36,8,43945,1,37,0,RR.HH.,1
45,1,57537,5,49,3,Marketing,0
25,0,83595,4,41,1,Tecnología,0
33,6,67517,3,43,2,Operaciones,0
58,8,34461,3,46,1,Tecnología,1
58,6,52992,2,38,1,Marketing,0
27,0,40510,5,46,1,Marketing,0
45,7,48021,2,58,1,Tecnología,0
32,7,47554,4,37,1,Operaciones,0
34,5,46402,2,55,1,Operaciones,0
55,7,32407,4,58,1,Ventas,1
46,9,52702,4,37,1,Finanzas,0
28,4,44909,4,31,0,Ventas,0
25,0,22000,4,47,0,Operaciones,0
29,3,91953,5,40,0,Ventas,0
41,0,74597,1,61,0,Ventas,1
50,2,48226,3,45,1,Tecnología,1
31,2,55338,2,37,1,RR.HH.,1
55,0,33910,5,34,0,Operaciones,1
47,2,85523,3,54,1,Marketing,0
24,0,89151,4,39,1,Tecnología,0
27,8,57820,4,45,0,Ventas,0
26,14,73423,2,53,0,Operaciones,0
26,0,58155,2,40,1,RR.HH.,1
44,15,30938,3,44,1,Tecnología,0
30,3,47587,3,44,2,Tecnología,1
56,1,57374,2,51,2,RR.HH.,0
41,0,46818,1,50,1,Tecnología,1
56,3,51064,5,43,1,Operaciones,0
39,7,53354,5,45,1,RR.HH.,0
38,6,53544,3,41,0,Operaciones,0
45,0,55940,3,31,1,RR.HH.,1
24,0,35909,1,47,0,Ventas,1
53,2,42093,4,62,4,Operaciones,0
56,1,31877,4,37,0,RR.HH.,0
59,1,72600,2,38,0,Ventas,1
34,1,22000,2,37,1,Finanzas,1
46,8,75764,4,51,1,Tecnología,0
30,13,79954,4,49,0,Operaciones,1
25,2,49560,1,43,2,Tecnología,0
35,11,22000,4,36,2,Finanzas,0
58,1,48496,3,45,1,Ventas,0
55,3,53844,3,30,2,Tecnología,0
32,1,36809,4,46,0,Marketing,0
24,5,45726,4,52,2,Operaciones,0
49,19,82543,3,33,0,Ventas,1
50,4,66968,5,31,4,Tecnología,0
30,2,38357,3,59,1,Tecnología,1
24,5,26243,4,39,0,Finanzas,0
46,0,49113,3,55,1,Operaciones,1
55,10,51157,5,43,1,Operaciones,0
33,3,63931,5,43,1,RR.HH.,0
30,2,45364,1,48,0,Operaciones,1
36,4,64206,5,37,0,Tecnología,0
46,4,89832,4,46,0,Ventas,1
26,0,69679,4,41,1,RR.HH.,0
32,5,54134,2,33,0,Marketing,1
55,1,51703,4,48,1,Operaciones,0
45,6,48579,5,42,0,RR.HH.,0
36,8,76251,3,43,2,Finanzas,0
59,8,43708,5,34,0,Marketing,0
29,4,55814,1,59,3,Tecnología,1
26,3,55921,2,52,0,Tecnología,1
47,0,45967,3,53,1,Marketing,1
39,7,30295,3,42,0,Operaciones,0
27,1,60813,4,30,1,Tecnología,0
58,3,53901,1,62,2,Tecnología,1
34,1,64004,5,44,1,Tecnología,1
49,0,45395,1,38,1,Ventas,0
26,4,76974,2,48,0,Marketing,1
34,0,39218,1,55,1,Tecnología,1
38,6,85816,3,44,1,Operaciones,0
53,1,23542,5,56,0,Ventas,0
50,0,62825,4,54,1,RR.HH.,0
24,3,63557,4,35,0,Ventas,0
55,0,40679,1,38,3,Operaciones,0
48,1,62639,3,53,0,RR.HH.,1
34,6,78031,3,30,1,Finanzas,1
54,0,22000,3,43,1,Ventas,1
27,9,64049,1,32,5,Ventas,0
45,0,22000,4,40,1,Ventas,1
40,1,37618,3,42,0,Tecnología,1
37,6,84324,4,41,0,Finanzas,0
49,1,44527,3,40,1,RR.HH.,1
54,0,33870,2,35,3,Finanzas,1
34,2,51437,4,65,0,RR.HH.,1
46,1,92222,2,61,0,Tecnología,1
57,9,22029,5,34,0,Ventas,0
48,1,36076,4,59,1,Ventas,0
59,7,81953,2,41,2,Operaciones,0
28,11,88438,5,46,0,Finanzas,0
26,2,53138,3,44,1,Ventas,1
52,12,32697,1,39,0,Ventas,1
44,2,92725,4,53,0,Operaciones,1
31,16,83699,2,46,1,Operaciones,1
53,0,67221,4,40,0,Finanzas,0
51,5,40376,4,33,2,Tecnología,0
52,3,54117,5,36,0,Tecnología,0
39,2,52113,3,30,1,Marketing,0
57,5,60955,3,45,2,Operaciones,0
23,6,81118,4,34,0,Tecnología,1
35,0,70829,2,42,0,Operaciones,1
34,0,35607,3,57,0,Operaciones,1
50,6,79776,3,55,0,Tecnología,0
33,5,60636,1,44,1,Tecnología,1
23,16,67367,3,44,1,Ventas,0
53,7,81397,5,61,0,Ventas,0
34,15,34991,5,49,0,Finanzas,0
48,6,54355,1,42,0,Tecnología,1
38,1,45433,1,32,0,Operaciones,1
52,0,26778,2,48,1,Marketing,1
55,7,61240,5,52,1,Ventas,0
45,5,100208,2,39,1,RR.HH.,1
56,0,22000,4,47,1,Operaciones,0
27,2,54418,2,41,0,Operaciones,1
40,15,66529,4,43,1,Operaciones,1
51,3,57215,3,30,0,Tecnología,1
28,2,52963,4,43,1,Tecnología,0
31,3,31614,2,53,1,Finanzas,0
53,1,59190,4,39,2,Marketing,0
55,2,41378,2,45,2,Tecnología,1
49,2,22000,4,38,0,Marketing,0
36,0,76502,5,48,1,Tecnología,0
51,7,72250,2,43,0,Marketing,1
58,2,55929,5,36,1,Finanzas,0
50,8,59123,3,56,3,Tecnología,0
43,9,74337,2,53,1,Finanzas,1
25,1,59038,3,39,0,Tecnología,1
41,5,71272,2,49,0,Tecnología,1
53,3,49645,4,49,1,Ventas,0
57,10,78615,4,50,0,Ventas,0
25,1,60774,2,30,2,Tecnología,0
48,5,58492,3,54,1,Operaciones,0
38,4,32138,4,39,2,Finanzas,0
33,1,60165,5,41,0,Ventas,0
43,0,40024,3,68,0,Operaciones,1
38,5,43510,5,47,0,Finanzas,0
31,6,40323,3,41,1,Marketing,0
22,1,35807,3,30,1,Finanzas,0
43,5,93245,4,57,0,Ventas,0
47,2,78964,3,32,1,RR.HH.,0
39,6,89566,3,35,1,Finanzas,0
35,1,32987,3,42,1,Ventas,0
50,11,56282,4,57,0,Ventas,0
33,1,31716,4,51,0,Ventas,0
57,2,42477,3,43,2,Tecnología,0
56,0,38473,3,47,2,Tecnología,0
33,0,77312,3,39,1,RR.HH.,1
28,3,47867,3,46,0,Ventas,1
50,1,74230,2,45,4,Finanzas,0
32,9,65874,4,53,1,Finanzas,0
54,0,96465,3,53,2,Tecnología,0
27,2,28370,3,49,1,Ventas,1
36,2,77666,2,41,0,Ventas,1
53,0,75635,2,51,2,Tecnología,1
32,0,37479,5,44,2,Ventas,1
44,2,73128,3,35,0,Tecnología,0
47,3,61050,2,41,2,Finanzas,1
55,2,50905,3,45,1,RR.HH.,0
55,3,40169,3,53,1,Ventas,0
50,4,42056,1,43,0,Tecnología,1
25,0,91896,3,34,2,Finanzas,0
38,3,55012,3,45,0,Operaciones,1
56,16,69078,3,46,2,Operaciones,0
34,3,40763,3,46,2,RR.HH.,0
36,5,40962,3,53,0,Tecnología,0
50,1,74475,5,54,0,Tecnología,1
50,7,30707,3,39,0,Operaciones,1
32,7,47526,2,39,2,Ventas,1
53,3,55612,2,35,0,Marketing,1
23,18,57004,3,51,0,Finanzas,0
35,0,51776,4,58,0,Finanzas,0
41,0,62124,2,42,0,Ventas,1
43,7,67471,4,42,3,Finanzas,0
32,8,68223,1,58,1,RR.HH.,1
48,0,37255,3,49,0,Ventas,1
24,1,49885,4,48,1,Tecnología,0
38,0,76505,3,34,1,Operaciones,0
49,1,71103,3,51,0,RR.HH.,0
50,7,30288,2,36,0,Tecnología,1
42,3,61326,4,34,1,Ventas,0
37,2,22000,1,41,2,Finanzas,1
58,2,55844,5,39,2,Finanzas,0
41,0,89159,2,43,1,Finanzas,0
27,1,37937,5,32,0,RR.HH.,0
40,5,39982,3,53,5,Tecnología,0
26,18,68752,4,55,2,Finanzas,0
24,9,27229,3,30,1,Ventas,1
22,0,43610,5,53,1,Marketing,0
59,11,65735,2,37,1,RR.HH.,1
36,7,43582,2,52,0,Tecnología,1
55,7,50752,3,44,1,Tecnología,1
56,3,68395,1,45,1,Operaciones,0
46,2,62587,2,43,0,Ventas,1
45,1,59802,5,55,0,Tecnología,1
33,0,48895,5,33,1,Finanzas,1
39,1,61661,3,50,1,Tecnología,0
36,1,52772,5,54,0,Operaciones,0
37,3,63240,3,51,0,Ventas,0
48,6,46055,2,65,0,Operaciones,1
29,3,51713,4,40,2,Ventas,0
46,0,37180,4,53,0,Ventas,1
38,15,54369,5,44,0,Operaciones,0
50,14,40401,2,56,2,RR.HH.,1
29,7,34947,4,44,1,Tecnología,0
36,23,59655,1,41,0,Ventas,0
48,3,58829,2,56,1,Finanzas,1
28,16,69091,1,40,1,RR.HH.,1
24,0,47239,5,32,1,Marketing,0
50,2,62344,4,40,1,Marketing,1
45,1,64914,4,50,3,Finanzas,0
24,1,63005,3,57,1,Tecnología,1
41,0,40138,3,46,0,RR.HH.,0
36,4,57688,2,56,0,Finanzas,0
46,7,61554,3,32,0,Ventas,1
51,4,55129,3,41,1,Tecnología,1
35,0,22000,4,42,1,Ventas,0
28,8,57888,3,43,1,Ventas,0
38,5,94825,1,45,0,Ventas,1
41,2,48519,1,51,1,RR.HH.,1
57,5,41894,2,40,3,Operaciones,0
30,1,61720,3,46,0,RR.HH.,0
59,2,60622,5,44,0,Tecnología,0
43,12,76469,4,36,0,Ventas,0
23,1,32358,4,43,0,RR.HH.,1
45,3,68164,3,43,1,Tecnología,1
29,11,65627,3,43,2,Finanzas,0
32,6,52441,2,45,0,Marketing,1
34,0,61096,5,45,0,Ventas,0
38,0,73530,4,41,1,Ventas,0
29,0,70701,2,56,1,RR.HH.,0
42,4,34425,3,34,2,Marketing,1
39,2,69762,3,38,0,Operaciones,0
51,0,53835,4,70,0,Operaciones,0
39,15,56311,5,35,1,Tecnología,0
52,3,56317,3,32,0,Marketing,0
59,1,52295,3,51,0,Ventas,1
53,3,76450,1,30,0,Ventas,1
32,5,53493,1,42,1,Operaciones,1
